model,faiss_avg_insert_time,faiss_avg_query_time,faiss_avg_simple_query_time,faiss_avg_complex_query_time,faiss_avg_nl_query_time,faiss_avg_deletion_time,weaviate_avg_insert_time,weaviate_avg_query_time,weaviate_avg_simple_query_time,weaviate_avg_complex_query_time,weaviate_avg_nl_query_time,weaviate_avg_deletion_time
distilbert-base-nli-stsb-mean-tokens,0.009635496139526366,0.003966903686523438,0.016998147964477538,0.02136402130126953,0.02521481513977051,78.54545331001282,20.58305616378784,0.05488510131835937,0.007881641387939453,0.009040021896362304,0.010197067260742187,0.2967204252878825
microsoft/codebert-base,0.007577848434448242,0.0043999671936035155,0.027965593338012695,0.033506155014038086,0.03919506072998047,133.56996162732443,34.29809927940369,0.06057515144348145,0.0068851947784423825,0.008222150802612304,0.008326578140258788,0.22196396191914877
bert-base-nli-mean-tokens,0.00614619255065918,0.004767608642578125,0.019831180572509766,0.025264406204223634,0.03657708168029785,151.74700705210367,30.4188325881958,0.0522669792175293,0.006590700149536133,0.00717005729675293,0.00791029930114746,0.2633504867553711
sentence-transformers/average_word_embeddings_komninos,0.00826401710510254,0.0017503261566162109,0.001383352279663086,0.0012755393981933594,0.001236724853515625,0.4741678237915039,1.430941677093506,0.020903921127319335,0.006561183929443359,0.007237815856933593,0.007740306854248047,0.2306204636891683
all-mpnet-base-v2,0.006034994125366211,0.002711582183837891,0.025331449508666993,0.035629653930664064,0.03899760246276855,154.88037172953287,36.90304155349732,0.056217527389526366,0.006450080871582031,0.007985687255859375,0.00836324691772461,0.23465959231058756
